field,description
target_company / acquirer,Company names (real company names used for acquirers; semi-fictional for targets)
sector / sub_sector,"Healthcare Services, Health IT, Pharma/Biotech, Medical Devices, Dental, Behavioral Health, and more"
deal_size_mm,Enterprise value of the transaction in USD millions
deal_type,"Strategic Acquisition, Bolt-on, Carve-out, LBO, Merger of Equals, etc."
ev_ebitda_multiple / ev_revenue_multiple,Transaction valuation multiples
ebitda_margin_pct / revenue_growth_pct,Target company financial profile at time of deal
geography,"Northeast, Southeast, Midwest, National, etc."
acquirer_type,Strategic vs. Financial Sponsor (Private Equity)
strategic_rationale_tags,"Pipe-delimited tags: e.g. Geographic Expansion|Platform Build|Cost Synergies"
outcome,"Closed, Withdrawn, Pending, Terminated"
deal_year / deal_quarter,When the transaction was announced
